partner_name,address_line1,city,state,postal_code,latitude,longitude
AC Corp,301 Creek Ridge Road,Greensboro,NC,27406,36.0290772,-79.7978038
AC Corp,2550 Viceroy Drive,Winston-Salem,NC,27103,36.0455108,-80.3260062
AC Corp,8205 Brownleigh Drive,Raleigh,NC,27617,35.8858106,-78.74962909999999
Advanced Integrated Services,111 Jersey Drive,Youngsville,LA,70592,30.1243293,-91.99659559999999
Advanced Integrated Services,10716 Hwy 191,Midland,TX,79707,31.9774102,-102.2433807
Air Professional Associates,39 Fields Lane,North Salem,NY,10560,41.3541434,-73.6397733
American Legacy Construction,1121 SE Broadway Dr.,Lee's Summit,MO,64081,38.8985018,-94.3569248
Blue Works,2160 Sunnydale Blvd. Suite A,Clearwater,FL,33765,27.9875095,-82.7480547
CAM HVAC & Construction,116 Lydia Ann Rd,Smithfield,RI,2917,41.9206034,-71.5109591
C&C Service,72 Dyke Lane,Stamford,CT,6902,41.0377644,-73.539616
C2 Technology Group,"6012 East Shirley Lane, Suite B",Montgomery,AL,36117,32.3664,-86.2051195
Control Air Systems,25 Ray Ave,Burlington,MA,1803,42.4829938,-71.1843931
Control Solutions Inc,2960 South Fox Street,Englewood,CO,80110,39.6628334,-104.9943473
Crete Building Services FL,9187 Boggy Creek Road Suite 3,Orlando,FL,32824,28.4325774,-81.34926589999999
Crete Building Services TX,3342 US-80 E.,Mesquite,TX,75149,32.7916246,-96.64976030000001
Crete Building Services TX,"2061 Clovis Barker Rd, Bldg 4A",San Marcos,TX,78666,29.8346902,-97.9439735
Crete United Energy Services,1 Cowboys Way STE 300,Frisco,TX,75034,33.1098122,-96.8299915
Crosby Electric,6012 E. Shirley Lane,Montgomery,AL,36117,32.3664,-86.2051195
DesignBuild Mechanical,"11327 Allen Station Drive, Suite A",Mint Hill,NC,28227,35.2175504,-80.63636319999999
Dynaire Corporation,134 Herricks Road,Mineola,NY,11501,40.7396835,-73.653137
Emerald Built Environments,4415 Euclid Ave. Ste. 201,Cleveland,OH,44103,41.5041397,-81.6559267
Facility Systems Services,930 Matthews-Mint Hill Rd,Matthews,NC,28105,35.1172912,-80.7075081
Foster Plumbing,"1531 W Bayaud Ave., Unit A",Denver,CO,80223,39.715079,-105.009702
General & Mechanical Services,1007 Skidmore Dr,Annapolis,MD,21409,39.0211613,-76.42124919999999
Hartwig Mechanical,20800 E. Brink Street,Harvard,IL,60033,42.41325700000001,-88.6040915
Hillard Electric,11855 White Creek Ave.,Cedar Springs,MI,49319,43.179917,-85.57207
Hometown Mechanical,13606 118th Ave,Davenport,IA,52804,41.5071229,-90.6740433
Industrial Maintenance & Automation,2409 South post road,Shelby,NC,28152,35.2189441,-81.5349911
John's Service & Sales,119 West Walnut St.,Oglesby,IL,61348,41.2948039,-89.06133799999999
Legacy Mechanical,1680 Roberts Blvd,Kennesaw,GA,30144,34.0047566,-84.5954146
Loellke Plumbing,22974 E. County Road,Jerseyville,IL,62052,39.1092241,-90.3084039
Metro Mechanical,851 N Pine Hill Road,Birmingham,AL,35217,33.6272996,-86.778801
Major Mechanical,"7601 Northland Drive, North Suite 110",Brooklyn Park,MN,55428,45.0923108,-93.40005029999999
Nielsen Mechanical,6405 E Platte Ave,Colorado Springs,CO,80915,38.8372896,-104.7097776
Nielsen Mechanical,7808 Cherry Creek South Dr.,Denver,CO,80231,39.6789023,-104.8983708
Piper Electric,5550 W 60th Ave,Arvada,CO,80003,39.8053168,-105.056934
ProTech,1622 Saratoga Blvd.,Corpus Christi,TE,78417,27.719765,-97.45306819999999
ProTech,2801 Zachary,La Feria,TE,78559,26.1591043,-97.82409299999999
Relco Reilly Electric,14 Norfolk Avenue,South Easton,MA,2375,42.04923,-71.07626189999999
Relco Reilly Electric,121 Lafayette Road,N. Hampton,NH,3862,42.9837292,-70.8299727
Relco Reilly Electric,110 Old Townhouse Road,South Yarmouth,MA,2664,41.6843524,-70.214649
Relco Reilly Electric,10 Worthington Road,Cranston,RI,2920,41.7516056,-71.4465091
S Mechanical,17601 Southwest Highway,Orland Park,IL,60467,41.5673892,-87.8988447
S&W Contracting,952 New Salem Hwy,Murfreesboro,TN,37129,35.8364138,-86.4103464
Sam Mechanical,1181 Hooksett Road,Hooksett,NH,3106,43.0365498,-71.43321569999999
Stanmark Electric,5550 W 60th Ave,Arvada,CO,80003,39.8053168,-105.056934
Swedberg Electric,525 Brickville Rd,Sycamore,IL,60178,41.9961629,-88.6898209
Tra Mar Mechanical,"6525 West 4th Street, Suite 8",Greeley,CO,80634,40.4296317,-104.784962
